[
    {
        "StudentID": "20UGCE19320",
        "StudentClass": "Btech CIVIL A",
        "StudentName": "Pratik Pandurang Patil",
        "Email": "pratikpp90909@gmail.com",
        "PassoutYear": "2024",
        "Gender": "Male",
        "BloodGroup": "B Positive",
        "DOB": "2001-04-27",
        "FatherName": "Pandurang",
        "MotherName": "Shailaja",
        "ContactNumber": "9579088365",
        "AltenateNumber": "9028411058",
        "Address": "Kodoli",
        "City": "Kolhapur",
        "Pincode": "416114",
        "State": "Maharashtra",
        "Country": "India",
        "TechnologyLearned": "AutoCAD ",
        "CurrentCompany": "",
        "Role": "",
        "Photo": "20UGCE19320.png"
    }
]