[
    {
        "StudentID": "20UGCS19366",
        "StudentClass": "Btech CSE C",
        "StudentName": "Damini Sarjerao Patil",
        "Email": "daminipatil3003@gmail.com",
        "PassoutYear": "2024",
        "Gender": "Female",
        "BloodGroup": "A Positive",
        "DOB": "2003-03-19",
        "FatherName": "Sarjerao",
        "MotherName": "Savita",
        "ContactNumber": "8010458788",
        "AltenateNumber": "8600064022",
        "Address": "At: shene Po: Kasegaon ",
        "City": "Sangli",
        "Pincode": "415405",
        "State": "Maharashtra",
        "Country": "India",
        "TechnologyLearned": "C,CPP, Fronted development",
        "CurrentCompany": "Persistent system,Pune",
        "Role": "Software engineer",
        "Photo": "C:\\xampp\\htdocs\\TKIET\\eduauth\\assets\\images\\CSE_2024\\20UGCS19366.png"
    },
    {
        "StudentID": "20UGCS19614",
        "StudentClass": "Btech CSE C",
        "StudentName": "Rutuja Rushikesh Bakare",
        "Email": "rutujabakare87@gmail.com",
        "PassoutYear": "2024",
        "Gender": "Female",
        "BloodGroup": "A Positive",
        "DOB": "2002-07-27",
        "FatherName": "Rushikesh",
        "MotherName": "Manisha",
        "ContactNumber": "9665408504",
        "AltenateNumber": "9028411058",
        "Address": "kolhapur",
        "City": "Kolhapur",
        "Pincode": "416113",
        "State": "Maharashtra",
        "Country": "India",
        "TechnologyLearned": "C,CPP",
        "CurrentCompany": "Neilsoft Pvt Ltd",
        "Role": "Developer",
        "Photo": "C:\\xampp\\htdocs\\TKIET\\eduauth\\assets\\images\\CSE_2024\\20UGCS19614.png"
    },
    {
        "StudentID": "20UGCS19683",
        "StudentClass": "Btech CSE C",
        "StudentName": "Sakshi Sunil Belwadkar",
        "Email": "sakshibelwadkar31@gmail.com",
        "PassoutYear": "2024",
        "Gender": "Female",
        "BloodGroup": "B Positive",
        "DOB": "2001-12-31",
        "FatherName": "Sunil",
        "MotherName": "Sunita",
        "ContactNumber": "9665098625",
        "AltenateNumber": "9881370290",
        "Address": "Mohite Nagar, Vadarge road, Gadhinglaj",
        "City": "Kolhapur",
        "Pincode": "416502",
        "State": "Maharashtra",
        "Country": "India",
        "TechnologyLearned": "C, C++, python, java",
        "CurrentCompany": "NUMETRY",
        "Role": "Content Creator intern",
        "Photo": "C:\\xampp\\htdocs\\TKIET\\eduauth\\assets\\images\\CSE_2024\\20UGCS19683.png"
    },
    {
        "StudentID": "20UGCS19833",
        "StudentClass": "Btech CSE C",
        "StudentName": "Pratiksha Rajendra Lokhande",
        "Email": "pratikshalokhande011@gmail.com",
        "PassoutYear": "2024",
        "Gender": "Female",
        "BloodGroup": "B Negative",
        "DOB": "2002-02-05",
        "FatherName": "Rajendra",
        "MotherName": "Sunita",
        "ContactNumber": "9373802304",
        "AltenateNumber": "8010458788",
        "Address": "kallam,Dharashiv,Maharashtra",
        "City": "Osmanabad",
        "Pincode": "413507",
        "State": "Maharashtra",
        "Country": "India",
        "TechnologyLearned": "Java,c++,html,css, bootstrap ",
        "CurrentCompany": "",
        "Role": "",
        "Photo": "C:\\xampp\\htdocs\\TKIET\\eduauth\\assets\\images\\CSE_2024\\20UGCS19833.png"
    }
]